"НИКА Доска гладильная Ника 9, металл 122x40см, регулир. высота до 90см, европодставка под утюг, Н9",3919
"Сушилка для посуды настольная 55x25x39,5 cм, VETTA арт.AE-767",1990
"BY Швабра ПВА складная, 28см, окрашен., телескоп. ручка 114-141см",1386
"VETTA Швабра с насадкой из микрофибры, телескоп. черенок, нерж.сталь, 80-120см",1330
"VETTA Коврик для ванной, микрофибра, 50x80см, 3 цвета",1330
"VETTA Тележка + сумка, до 30кг, 36х26х94см, 28л, брезент, колеса ЭВА d16см, WQ-108",1290
"Сушилка для белья потолочная Лиана 1,5м, 5 линий, белая",1190
"VETTA Швабра с насадкой из микрофибры, телескоп. черенок сталь 66-110см, механизм-бабочка, NP-1201",1049
"Доска гладильная ГЛ1, 108х29см, без подутюжника",979
"Корзина для белья 50л пластик, ПБ",937
"Табурет квадратный, мягкое сиденье, металл, h47см, 29x29см, НИКА",881
"VETTA Сушилка для белья роторная 6 линий, 365х59х63мм, пластик",839
"VETTA Контейнер на колесиках универсальный, 11,5л, 49,5х18,5х17,4см, 3 цвета",769
"Набор для уборки: щетка, совок, пластик, металл, ПВХ, 2 ручки, длина 62 см, VETTA",769
"Корзина для хранения с крышкой 17л, 36,5х27,5х21,5см, пластик, 2 цвета",601
"VETTA Пленка самоклеящаяся, 45см х 8м, ПВХ, ""Кирпич/Камень"", 4 дизайна",559
"VETTA Пленка самоклеящаяся, 45см х 8м, ПВХ, ""Восточная плитка"", 4 дизайна",559
"VETTA Пленка самоклеящаяся, 45см х 8м, ПВХ, ""Цветы"", 4 дизайна",517
"VETTA Винсент Кофр для хранения постельного белья, ПЕВА, 55х36х20см, 2 дизайна",475
"Карниз для ванной 2м, белый",419
"VETTA Пленка самоклеящаяся солнцезащитная для окон, 45х150см, ПЭТ, 6 цветов",307
"FORZA Светильник на прищепке, E27, 40Вт, 220В, гнущаяся ножка 10см, шнур 75см, 5 цветов",269
"VETTA Пленка на стекло самоклеящаяся, в рулоне, 2 дизайна, 45х200см, ПП",265
"VETTA Контейнер для ватных дисков/палочек ""Вертикаль"", керамика, 3 цвета",223
"VETTA Верона Кофр на молнии с прозрачным окном 40х30х20см, спанбонд, ПЕВА, 2 цвета",217
"VETTA Швабра эконом с насадкой из микрофиб. без подкл., телескоп., металл, 70-120см, насадка 50г",209
"Ведро пластмассовое, 5 л, Лукошко",167
"VETTA Вешалка накидная на дверь, 5 крючков, 24,5х2,5х9,5 см, металл",153
"Паста ГОИ полировальная, 8г",153
"Лоток для столовых приборов, 30х22х4,5см, пластик, Р2030",125
"Контейнер для мелочей ""Ежедневный"", 7 отсеков, цвет микс",125
"Бокс для таблеток, пластик, 8,5 см, 3 цвета,  ""Неделька""",97
"Таз пластмассовый круглый 6,5 л  цветной, ПБ",58
"Перчатки полиэтиленовые, М, 100 шт, VETTA",55
"Шпажки-шампуры из бамбука 90 шт, 25 см, d.3 мм, VETTA",42
"Мешки для мусора 30 л., 20 шт., эконом, рулон",19
"Сушилка для белья напольная ""Премьера"" длина прутьев 20м, сталь d16мм в пластике",3766
"VETTA Сушилка для белья напольная, алюминий, 18м",3626
"НИКА Доска гладильная Лина-4, ДСП, 112х34,5см, h70-80см, подст.под утюг,подрукавник,удлинитель,ДЛ-4",2086
"BY Швабра с насадкой CHENILLE 44x15см, телескоп.ручка 83-126см",1946
"VETTA Коврик кухонный универсальный ""Узоры"", ПВХ, 120х45см, 2 дизайна",1666
"Полка настенная, угловая, трёхъярусная, ARTEX Slim, арт.27.10.39",1246
"VETTA Сушилка для белья напольная, 18 м, сталь, 141х53х89 см",1119
"VETTA Флоренция Корзина для белья, алюм.ручки, 36х60см, 3 цвета",1119
"VETTA Набор ковриков для ванной ""Коралл"", 75х45см + 45х40см, микрофибра, 4 цвета",1077
"Набор для ванной, 3 предмета, керамика, Сити",839
"VETTA Набор щётка с длинной ручкой + совок пластик, молочный бамбук",797
"VETTA Контейнер в холодильник, выдвижной, 29х10х17см, пластик",699
"VETTA Коврик для ванной, 50х75см, микрофибра, 2 цвета",699
"VETTA Барселона Органайзер подвесной многоцелевой, 1 отд., 3 кармана, 2 крючка, 30х11х20см, 4 диз.",559
"Пленка самоклеящаяся, 45см х 8м, ПВХ, ""Домашний очаг"", 4 дизайна",559
"VETTA Весы портативные электрон., ЖК-дисплей, макс.нагр. до 500гр, (погр. 0.1 грамм) 2xААА, 12x6см",559
"VETTA Сушилка для посуды, складная, 36x12х31см, пластик, силикон",559
"VETTA Швабра с насадкой из микрофибры, черенок 120 x d2,2см без телескопа, металл 0,2мм",461
"Корзина для хранения с крышкой 11л, 36,5х27,5х14см, пластик, 2 цвета",447
"VETTA Шторка для ванной, винил, 180x180см, ""Мэринелла""",419
"VETTA Окномойка с телескопической ручкой 110см, синяя, арт.KFC004",391
"Сменная кассета ""Лайт"" на стрип-ленте для кувшинов-фильтров БАРЬЕР",377
"BY В ГОСТЯХ У СКАЗКИ Органайзер для мелочей, 16 секций, 35х27хh9см, 2 дизайна",363
"VETTA Пленка самоклеящаяся, 45см х 8м, ПП, 4 дизайна",335
"Подставки антивибрационные для стиральных машин и холодильников 4шт., резина, d45х20мм",307
"SVIP Веник ""Практик"" аквамарин, SV4197АКВ",265
"BEROSSI Подставка для моющего средства и губки Teo plus, 19х12х10см, пластик, 4 цвета",265
"Перчатки нитриловые, 10 штук, VETTA",251
"Таз пластмассовый круглый 12л, 10 цветов",195
"VETTA Шторка для ванной, ПЕВА, 180x180см, ""Марсельеза"", 4 диз.",169
"Газ для зажигалок, 140 мл., белый, RUNIS",139
"VETTA Насадка для швабры из микрофибры, 10х40см, ""Полоска"", 4 цвета, 3701",119
"Коврик для ванны противоскользящий Vetta, 45x35 см, цвет микс",75
"Тряпка для пола из микрофибры, 50x70см, 150г/кв.м., 3 цвета, ГМ",75
"Чехлы для одежды, 60х150см, 3 шт, полиэтилен",55
"Вешалка для одежды, пластик, р.46-48, черная, Р2901",18
"FORZA Лампа настольная, E27, 50см, 60Вт, 220В, с выкл.на шнуре, шнур 100см, металл, 3 цвета",1806
"BY Швабра ПВА, двойной ряд роликов 28см, окрашен.,телескоп.ручка 109-132см",1666
"Подставка для обуви - 2 полки, 65см, металл, чёрная, ПО262",1526
"Коврик для ванной, синель, 3,5 см, 40х60 см, 3 цвета, VETTA ""Перламутр""",1246
"FORZA Лампа настольная, 12 LED, 5Вт, диммер, с сенсор. выкл., 360 Лм, АБС пластик, 2 цвета",1190
"VETTA Тележка + сумка, до 15кг, 32х22х86см, 22л, брезент, колеса ЭВА d15см, HT-196-A",1090
"Сиденье для унитаза ПВХ, 40x36см, ""Графика""",1049
"VETTA Набор для ванной 3 пр. ""Ветта"", керамика, 2 цвета",979
"VETTA Ведро складное силиконовое, 10 л, 3 цвета",979
"FORZA Лампа настольная, 16 LED, питание USB, кабель 1.5м, 1200Lux, аккум.1200мАч, белая, пластик",909
"VETTA Термометр электронный, выносной датчик температуры, влажность,12.5x7см, пластик,1xAAA",839
"VETTA Набор для ванной 3 пр., керамика, ""Соблазн"", 2 дизайна",797
"VETTA Швабра ПВА Эконом стальная ручка 110см, один ряд роликов, арт. PO06",769
"VETTA Набор для ванной ""Тиснение"", 3 предмета, керамика, 2 цвета",741
"Сиденье для унитаза, пластик, 41x35,5см, белое",699
"VETTA Пленка самоклеящаяся, 45см х 8м, ПВХ,  блестящая ""Цветы"", 4 дизайна",657
"Пленка самоклеящаяся, 45смх8м, ПВХ, мрамор",657
"Ведро для мытья полов с ручкой прямоугольное, пластик, 45х15х17 см, 4 цвета",629
"FORZA Лампа настольная, 14 LED, питание USB, кабель 1.5м, 600Lux, белая, пластик",559
"VETTA Термометр электронный 2 режима, с уличным датчиком, пластик, 7,5x7,6см, TA-268A",531
"FORZA Фонарь-лампа на прищепке, 6 LED, питание USB, с выключателем",489
"Короб для хранения складной с ручкой VETTA, 32х24х13 см, 3 дизайна, пластик",419
"Контейнер универсальный ""ROLLY"", 2,65л, 150х266х87мм, 2 цвета: бесцветный, коричневый",377
"VETTA Дозатор автомат. настен. д/зуб.пасты с держателем под 2 зуб.щетки,7х6х13,5см, пластик, 3 цвета",377
"VETTA Коврик универсальный, иск.мех, полиэстер 15мм, 40х60см, 3 цвета",377
"EGOIST Стельки для обуви гелевые женские смягчающие, ТЭП 28х9см",321
"VETTA Корзинка универсальная, металл, 28х22х12см, 2 цвета",321
"VETTA Подтяжки для простыни, 4шт, 24-45см, металл, полиэстер",279
"BY РЫЖИЙ Коврик антипригарный для приготовления, многоразовый, прочный, 40x33см, 0,2мм, тефлон",209
"VETTA Пакеты для продуктов, на резинке, 50шт, d10-30см, полиэтилен",153
"Салфетки универсальные 100 шт.в рулоне, 20x22 см., спанлейс, герои",149
"VETTA Окномойка с пластиковой ручкой 41см, черная, арт.KFC003",139
"Держатели для полотенец 5 шт, металл",111
"Шторка для ванной Vetta, ""Легкость"", цвет микс",89
"Коврик для сушки посуды, губчатая вискоза, 25х38 см",49
"VETTA Губка для удаления пятен, розовая, меламин, 9х6х3см",29
"VETTA Сушилка для белья напольная, вертикал., 4 полки, на колесиках, окрашен. сталь, 70x61x175см",3766
"Салфетка для стекол и зеркал из микрофибры Vetta, 30х40 см, цвет микс",2949
"FORZA Лампа настольная, 16 LED, 7Вт, с выключателем, 480 Лм, АБС пластик, 3 цвета",1666
"VETTA Коврик универсальный, 43х118см, полипропиленовое волокно, резиновая подложка, 2 дизайна",1386
"Салфетка из микрофибры универсальная Vetta, цвет микс",1218
"Полка двойная, хром, вакуумное крепление, 230х134х329 мм, VETTA",1119
"БАРЬЕР Фильтр-кувшин 3,6л ""Лайт"" белый",1077
"VETTA Термометр электронный 2 режима, с уличным датчиком, пластик, 10,8x10см, HTC-3",979
"VETTA Лоток для столовых приборов, металл, 36х20х4,5см",559
"FORZA Лампа настольная, 14 LED, питание USB, с зажимом, кабель 1.5м,  600Lux, белая, пластик",559
"Сменная кассета ""Классик"" для кувшинов-фильтров БАРЬЕР",517
"BY В ГОСТЯХ У СКАЗКИ Кофр для крупных вещей с окном на молнии, 60х40х25см, 3 ручки, спанбонд, 2 диз.",517
"VETTA Коврик для ванной, флис, губка 0,5 см, 40x60см, 3 дизайна",489
"VETTA Дозатор для жидкого мыла, ""Мрамор"", керамика, 2 цвета",489
"BY В ГОСТЯХ У СКАЗКИ Набор коробов для вертикального хранения вещей, 2 шт, 35х15хh10см, 2 дизайна",475
"Бокс для мелочей, пластик, 17х11,5х11,5 см, 3 цвета",475
"VETTA Дозатор для жидкого мыла ""Вертикаль"", керамика, 3 цвета",447
ARTEX Держатель для туалетной бумаги и освежителя воздуха Slim арт.27 10 42,419
"VETTA Перчатки для мытья посуды, 250 гр, силикон, 4 цвета",419
"Ёрш для туалета полосатый, пластик, 2 цвета, VETTA",377
"VETTA Окномойка с телескопической ручкой 111см, с резин.держателем, серая, арт.KFC010",377
"VETTA Корзинка плетенная ""Амелия"" 24x24x8см, 2 дизайна",299
"Вакуумный пакет VETTA с ароматом лаванды, 60х80 см",223
"VETTA Футляр для зубных щеток и пасты, полипропилен, 5х5х20см, 3 цвета",223
"Электрокипятильник 500Вт, 250В, шнур 65см,  погружная часть 10см",181
"VETTA Сумка-авоська хозяйственная, 35х63см, 100% хлопок",149
"Удлинитель Р16-010 3гн ШВВП 2x0,75 1,5м",149
"Насос для вакуумных пакетов VETTA, арт. PUMP",139
"Вешалка для одежды деревянная 45см, ПРОМО",125
"PROMO Лампа светодиодная A65 7W, E27, 400lm 4200К",69
"Набор перчаток, латекс, M, 10 шт, VETTA",59
"VETTA Насадка эконом для швабры из микрофиб., без подкладки, 12х40см, ""Лапша"", 4 цвета, вес 50 г.",55
"EGOIST Стельки для обуви, влаговпитывающие, р-р 36-46, ss-ss018",49
"Крючок s-образный, металл",41
"Бумага для выпечки (пергамент) 5м x 30см, коричневая",29
"Вешалка для одежды, пластик, р.48-50, черная",9
"VETTA Швабра с насадкой из микрофиб. (подкл.), телескоп.  металл, пластик, 70-120см, вес насад 95 г.",249449
"VETTA Губка запасная для швабры ПВА, 27см",99149
"BY Светильник настольный ""Стокгольм"", 49 см, E27, 60Вт, 220-240В, металл, дерево, черный",1806
"VETTA Коврик для ванной, шенилл, 60x90см, ""Бархатная роскошь"", 2 цвета",1386
"VETTA Коврик в прихожую, искусственный лен, резина, 120x45x0,3см, 3 дизайна",1246
"VETTA Флоренция Корзина для белья с металл.обручем, текстиль, 35х55см, 3 цвета",1246
"VETTA Шторка для ванной, ПЕВА, 180x180см, ""Блестящая"", 2 дизайна",1190
"НИКА Табурет, металл, МДФ, мягкое сиденье, h47см, d29см, ТБ3",839
"VETTA Ёрш для туалета силиконовый с возможностью крепления на стену, полипропилен, d10х42см",769
"VETTA Швабра МОП с цельной насадкой из микрофибры, нерж. сталь, 110см",769
"Лента светодиодная 2835белая, 5м, монтажный клейкий слой, 12В/2А ч/з блок питания, без комплектующих",699
"VETTA Коврик придверный, резиновый с ворсом полиэстер, 40x60см, 5 дизайнов",699
"Короб для хранения складной с ручкой VETTA, 37,5х28х15 см, 3 дизайна, пластик",699
"VETTA Шторка для ванной, ПЕВА, 180x200см, ""Маренго"", 2 диз.",629
"VETTA Безмен электронный с дисплеем, с подсветкой, пластик, макс. нагр. 50кг, 3 цвета",629
"Сиденье для унитаза детское VETTA, поролон, ПВХ, 29х28 см, 3 дизайна",559
"Аккумулятор Forza Ni-Mh 800mAh AA 2шт в блистере 1,2В",391
"Зажигалка для газовой плиты пьезо, АА батарейка (нет в комплекте), блистер",377
"EGOIST Стельки для обуви гелевые мужские смягчающие, ТЭП 31,5х9,5см",349
"VETTA Винсент Кофр для подушек и одеял, ПЕВА, 60х40х25см, 2 дизайна",335
"Органайзер универсальный 195х160х146мм, 2 цвета: бежевый флэк, светло серый",265
"Вакуумный пакет VETTA, 90х40х100 см",259
"Таз пластмассовый круглый с ручками, 12 л, цвет микс",237
"VETTA Контейнер в холодильник, пластик, 7,5х16,5х20,5см, 3 цвета",203
"VETTA Шторка для ванной, ПЕВА, 180x180см, ""Яркий однотон"", 3 цвета",195
"VETTA Дозатор для жидкого мыла, пластик, 7,5х9,8х13см, 2 цвета",195
"Застежки для картин самоклеящиеся, настенные, SR, большие, 4шт 70х32мм, ПВХ, 1804",195
"Лампа светодиодная FORZA A60, 12W, E27, 1050lm, 4000К",181
"Щетка-сметка для пыли, пластик, 61 см, 4 цвета, VETTA",167
"Ночник светодиодный 4 LED с выключателем, 220 В, 0,5 Вт, 8х7х3 см, пластик",139
Щётка для чистки посуды и решеток барбекю Vetta,119
"Шнурки для обуви, 6 пар, разноцветные, 1м",116
"VETTA Накладки-протекторы войлочные для мебели, 4 штуки 3,7 см, 16 штук 1,8 см, фетр",65
"Термометр оконный Стандарт (-50 +50) п/п, ТБ-202",55
"Мешки для мусора Vetta БИО, 30 л, 20 шт",49
"Батарейки, 5 шт, СR2032 литиевые, BL, FORZA",45
"VETTA Тележка + сумка, до 30кг, 27х32х88см, 23л, брезент, колеса ЭВА d15см, WQ-162",1890
"FORZA Лампа настольная, E14, 30см, 40Вт, металл, текстиль",1049
"VETTA Набор для ванной 3 пр., керамика, ""Лагуна"", 2 дизайна",881
"VETTA Сумка хозяйственная водонепроницаемая, оксфорд 600D, 80х46х26см, 95 литров, до 50кг, 2 цвета",839
"VETTA Окномойка со съемным скребком доп.насадка из микроф. 29см., телескоп.черенок 110см нерж.сталь",839
"VETTA Набор для ванной ""Мозаика"", 3 предмета, керамика, 2 дизайна",741
"VETTA Сушилка для белья роторная 4 линии, 295х59х63мм, пластик",699
"Карниз для ванной угловой, нерж.сталь, 90x90x90см",699
"VETTA Коврик для сушки посуды, силикон, 30х22.5см, 90г, 3 цвета",559
"VETTA Весы кухонные механические, пластиковая чаша 800мл, макс. нагр. до 5кг, 4 цвета, СХ-129",499
"FORZA Фонарь-лампа складная, 30LED, питание 4xAAA, шнур USB, пластик",499
"VETTA Корзинка универсальная с крышкой, 25,5x25,5x16см, пластик, 2 цвета",419
"VETTA Романо Короб для хранения без крышки, 30х30х30см, спанбонд",419
"VETTA Корзинка универсальная ""Сиэтл"", 24x16,7x11,2см, пластик, 2 цвета",349
"VETTA Короб для хранения со съемной крышкой, 32х25х25 см, картон",349
"VETTA Сумка хозяйственная ""Клетка"", 60x50x30см, 90 литров, до 10кг, полипропилен, 2 цвета",265
"VETTA Сумка хозяйственная ""Клетка"", 45x50x20см, 45 литров, до 10кг, полипропилен, 2 цвета",237
"Дозатор для жидкого мыла VETTA  полосатый, пластик, 180мл, 2 цвета",237
"VETTA Сумка хозяйственная ""Гламурная"", складная, 38х58х10см, 22л, до 8кг, полиэстер, 6 дизайнов",209
"Тряпка для пола из микрофибры в клетку, 50х70 см, 80 гр, 4 цвета, VETTA",195
"VETTA Сетка-органайзер на присосках для ванной комнаты, полиэстер, 37х37см",153
"Щетка для чистки ковров, пластик, 16,5х11 см, VETTA",153
"Щетка для одежды велюровая с переключателем, 25x5.5x1.6см",153
"Корзинка вязаная, пластик, 21х16х10 см, VETTA",149
"Насадка для швабры Vetta, 40x10 см",139
"Блокираторы для дверей и выдвижных ящиков 2шт., 11см",139
"Набор для записей: магнитная доска 2шт., 9,5х9,5см, пластик, маркер",130
"Амортизатор для мебели 25шт, силикон, d8мм",125
"Вешалка настенная, 6 крючков, эконом, металл, 32,5х5х3,5см",125
ФУКС Ложка для обуви металлическая цветная 55см с крючком,119
"Салфетка в клетку из микрофибры, универсальная Vetta, цвет микс",83
"Подставка для бумажных полотенец, металл, 13х27,5 см",79
"Держатель для мыла, губки, мочалки Vetta, цвета микс",49
"Мыльница на присосках, цвет микс",49
"Набор салфеток универсальных 10 шт., 20х30см, вискоза",31
"Набор салфеток универсальных 3 шт., 30х26 см., вискоза, 3 цвета.",19
"VETTA Тележка для сумок, грузоподъемность 40кг, металл, 95х35х46см, колеса d14см, хром",3206
"BY РЫЖИЙ Тележка + сумка, до 30кг, 33х94х28см, 29л, сатин, колеса ЭВА d16см",1806
"BY Набор щетка+совок, пластик, металл",1666
"VETTA Швабра с насадкой ПВА телескоп.ручка 120см, 1 ряд роликов",797
"Вешалка настенная ""Уют 7"" 7 крючков, металл, черная, ВНУ72",741
"Коврик для ванной, синель, 1,2 см, 40х60 см, 3 цвета, VETTA",629
"VETTA Безмен электронный, пластик, вертикальный, макс.нагрузка 25кг (точн.измер=5гр), 1xCR2032, 4цв.",601
"VETTA Шторка для ванной, ПЕВА, 180x180см, ""Вертикаль"", 4 дизайна",559
"VETTA Подставка под тарелки, 24х15х9,5см, металл",559
"VETTA Шторка для ванной, полиэстер, 180х180см, ""Дельфин""",503
"Диспенсер для мыла с губкой в комплекте, пластик, 16х7х19 см, VETTA",503
"EGOIST Сушилка для обуви раздвижная, пластик, 220-240В, 50Гц, 15Вт, температура нагрева 65-80 градус",489
"VETTA Дозатор для жидкого мыла, ""Ромбо"", пластик, 8,3х5,7х17см, 4 цвета",377
"VETTA Чехол для гладильной доски, антипригарный на  резинке 140х50см, полиэстер, подкладка поролон",377
"Штрих мебельный, 20 мл., 4 цвета",321
"VETTA БАРСЕЛОНА Корзина для белья с ручками, текстиль, 40х50см, 4 дизайна",299
"VETTA Термометр мини, измерение влажности воздуха, квадратный, 7,5x7,5см, пластик, блистер",279
"Корректор эмали, белый, 20мл",279
"VETTA Термометр + влагомер на блистере, 6,3см, металл, пластик, 3 цвета",265
"VETTA Палка для щетки усиленная, металл, пластик,120см",209
"Блок для хранения мелочей, пластик, 20x11x7 см, 3 цвета, ""Корзина""",195
"Аптечка-бокс дорожная 8 отделений, пластик, 10х6х3,5 см",195
"Тряпка для пола из микрофибры махровая, 50х70 см, 220г/кв.м, 4 цвета, VETTA",181
"Ночник в розетку FORZA с датчиком освещения, 220-240В, LED, цвет микс",181
"Звонок дверной электрический FORZA ""Канарейка"", 220В",167
"Колесо для тележек, пластик, ЭВА, 15см, 196-2",167
"EGOIST Стельки для обуви с антибактериальным эффектом, ss-ss141, р-р 36-46",83
"Ёрш для туалета ""Практик""/""Мини"", пластик, арт. 463000/463936",83
"EGOIST Стельки для обуви, комфорт, р-р 36-46, ss022",83
"Мешки для мусора с ручками 45 л., 20 шт., стандарт, герои",69
Футляр для зубной щетки RUNIS,63
"Пробка для ванны с цепочкой, резина, 29 см, d4,5 см",63
"Первая цена Батарейки 4шт, тип АA, ""Alkaline"" щелочная, BL",49
"VETTA Мешок для стирки белья, на замке, крупная сетка 40х30см",25
"Батарейки солевые ""Первая цена"", тип АА (R6), 4 шт",24
"Пакеты для завтраков в рулоне 50 шт, 17x28 см",12
"Удлинитель 3 гнезда FORZA 1,5 кв.мм 5 м, с заземлением, выключателем, евро, 16A,3500Вт",349699
"VETTA Набор ковриков для ванной и туалета, микрофибра, 45x70см + 45x45см, ""Азимут"", 4 цвета",1526
"FORZA Лампа настольная, 30LED, питание USB, кабель 1.2М, 2000Lux, белая, пластик",1386
"Подсветка рабочей зоны двойная, SMD 5050, хол. белый, 5м, IP65 водонепрониц., с резистором",1386
"VETTA Коврик универсальный ""Стиль"", тканый, хлопок, 50х80см, 4 цвета",979
"VETTA Сушилка для белья напольная 10 м., окраш.сталь, до 15 кг, 100х53х81см",839
"VETTA Шторка для ванной, оксфорд, метал. люверсы, 155x180см, ""Мраморные разводы""",797
"VETTA Коврик придверный, резиновый с ворсом полиэстер, 40x60см, ""Знаки"" 5 дизайнов",699
"НИКА Чехол универсальный с поролоном и термостойким покрытием, 480х1300мм (± 5 мм), арт. ЧПА",629
"VETTA Коврик универсальный ""Сан-Франциско"", 60х40см, 3 дизайна",629
"VETTA Шторка для ванной, ПЕВА, 180x180см, ""Цветущий сад"", 4 дизайна",559
"Коврик для ванны противоскользящий, ПВХ, 68x38см, 5 дизайнов, VETTA ""Сплит""",531
"Набор мини-ковриков для ванны противоскользящих 6шт, ПВХ, 6 дизайнов, VETTA ""Цветные""",475
"VETTA Корзинка плетеная ""Амелия"" 22х22х8см, 2 дизайна",475
"Карниз для ванной, алюминий, 2м, серебристый, VETTA",461
"VETTA Сумка хозяйственная ""Клетка"", 70x55x30см, 115 литров, до 10кг, полипропилен, 2 цвета",335
"VETTA Сумка хозяйственная трехслойная, 34х40х12,5см, 17л, до 10кг, полиэстер, золотая",335
"Ночник в розетку с датчиком света 8 LED, подсветка стены, пластик/металл",335
"VETTA Романтика Полочка для ванной комнаты на присосках, пластик, 26х7х8,5см, 3 цвета",279
"Аккумулятор Forza Ni-Mh 600mAh AAА 2шт в блистере 1,2В",279
"Коврик придверный 40x60см, полиэстер, резина",251
"VETTA Термометр оконный Биметаллический (-50 +50), блистер",181
"Светильник 4 LED точечный нажимной, d.6,5 см, 3xААА, пластик",149
"Мешки для мусора 240 л., 10 шт., прочные, ПВД, герои",139
"Мат антискользящий декоративный универсальный, 30х90см, ПВХ, 6 цветов",139
Разветвитель 3 гнезда,125
"Ведро пластмассовое 7 л, без крышки ПБ",99
"VETTA Планка с 3 крючками, самоклеящаяся, 2,5х12см, нерж.сталь 430",97
"Ерш бутылочный, 27 см, VETTA",69
"VETTA Накладки - протекторы на углы, 4см, ПВХ, 2 дизайна",69
"Ковш пластмассовый 1 л, цвет микс",59
"Батарейки, 10 шт, LR44 (G13) щелочная, BL, FORZA",49
"Перчатки резиновые желтые, M, VETTA",39
"Пакеты для замораживания перфорированные в рулоне 30 шт, 3л, 14 мкм",29
"Мыльница RUNIS, цвет микс",27
"Форма для запекания, алюминиевая фольга, d20,5cм, дно d16,7см, 1405мл, L-край, 99-02",17
"NORDWALL Сушилка для белья напольная ""бабочка"" Gamma, 18 м, 141х53х89 см",2086
"VETTA Набор ковриков 2шт для ванной и туалета, фланель, 45x75см + 45х45см, ""Милан"", 4 цвета",1330
"FORZA Лента светодиодная белая 5м, 3,5 Вт, 220В",1119
"VETTA Шторка для ванной, полиэстер, 180х180см, «Просторы», 2 диз.",909
"BY Швабра с насадкой из хлопка, вес 240 гр., длина ручки, 148 см",741
"VETTA Коврик придверный ""Швеция"", 80х60см, 2 цвета",741
"VETTA Корзина подвесная на полку, 35х26х13,5см, металл",657
"Коврик для ванны противоскользящий, ПВХ, 67x37см, 4 цвета, VETTA ""Сфера""",657
"VETTA Шторка для ванной, ПЕВА, 180x180см, ""Горошек"", 5 цветов",559
"BY ВУАЛЬ  Кофр для хранения нижнего белья, 32х32х12см,6 секций, 2 цвета",503
"Карниз для ванной, нерж.сталь, 2м",489
"VETTA Сумка хозяйственная, оксфорд 210D, 60х40х22см, 50 литров, до 25кг, 3 цвета",419
"VETTA Дозатор для жидкого мыла, ""Конфетка"", керамика, 6 диз/цв",349
"Вакуумный пакет VETTA, 73х130 см",321
"VETTA Набор универсальных крышек, 6шт, размеры от 6,5см до 19см, силикон, 3 цвета",321
"Лоток для столовых приборов, 5 секций, 33х26х4,5 см, пластик, ""Кантри"" арт.4846",279
"VETTA Замок велосипедный противоугонный тросовый, эконом, металл, ПВХ, пластик, 12x800мм",279
"Светильник с выключателем FORZA, 9 COB, 3хААА, 10х8см пластик",265
"VETTA Чехол для гладильной доски ""Лучшая цена"" на шнурке, 130x47см, полиэстер, подкладка иск.войлок",199
"Вантуз гофрированный, h29см",167
"Чехол для сиденья унитаза, искусственный мех, ПВХ, 44х37см, 5 цветов, ""Велюр-2""",139
"VETTA Щетка для посуды с мыльницей и дозатором, пластик, 8см",139
"VETTA Набор вешалок металлических, ПВХ покрытие, 41 см",129
"VETTA Кольца для шторок в ванную, 12шт, пластик, 6х4см, прозрачные",125
"Шнурки для обуви, 6 пар, черные, белые, коричневые, 1м",125
"EGOIST Защита для пятки 2шт, ТЭП W-718",111
"Адаптер-переходник, евро, 10-16А, 250V",97
"Держатель для моющих средств Vetta, цвет микс",91
"VETTA Набор салфеток для стирки против окрашивания 20шт, 25х12см",89
"Мешки для мусора с завязками 35 л., 15 шт.,стандарт, зелёные, рулон, герои",69
"Лампа светодиодная свеча FORZA С37, 7W, E14, 560lm, 4000К",59
"Набор губок для удаления пятен, меламин, 9х6х3 см, 2шт, VETTA",49
"Пакеты для льда VETTA, полиэтилен, 216 шариков, 25 мкм",29
"Рукав для запекания в пакете, 30см x 3м",29
"VETTA Сумка хозяйственная с вырубленной ручкой, нетканый материал, 40х50см, до 4кг, полипропилен",29
"Батарейки солевые ""Первая цена"", тип ААА (R03), 4 шт",24
"VETTA Сушилка для белья напольная, окраш.сталь, 18м",1946
"VETTA Набор ковриков 2шт для ванной и туалета, акрил, 50x80см + 50x50см, бежевый 4 дизайна",1386
"VETTA Коврик универсальный круглый, иск.мех, акрил, d70см, 4 цвета",1386
"Полка настенная, двойная с крючком, ARTEX Slim, арт. 27 10 34",1119
"VETTA Набор ковриков для ванной и туалета, фланель, 45x70см + 45x45см, ""Нежность"", 4 цвета",1021
"VETTA Ёрш для туалета ""Вертикаль"", керамика, 3 цвета",881
"VETTA ЛЁН Короб жесткий, складной метал.каркас, 2 молнии, 2 окна, полиэстер, 40х30х20см",839
"Удлинитель 3 гнезда FORZA 1,5 кв.мм 3 м, с заземлением, выключателем, евро, 16A,3500Вт",699
"VETTA Барселона Кофр подвесной настенный, 5 объемных карманов, 2 крючка, текстиль, 34х55см,4 дизайна",629
"VETTA Корзинка универсальная с ручками ""Стиль"", 34х24,5х16,5см, пластик, 2 цвета",461
"VETTA Чехол для одежды, 60х137см,  спанбонд, 2 цвета",391
"VETTA Сумка хозяйственная, неламинированный пропилен, 75х37х26см, 70 литров, до 10кг",335
"VETTA Мыльница, ""Мрамор"", керамика, 2 цвета",307
"Батарейка щелочная, 1 шт, тип Крона (6LR61), BL, FORZA ""Alkaline""",279
"VETTA Подставка для сушки столовых приборов, пластик, 9х7х11,5см, 3 цвета",265
"VETTA Корзинка универсальная ""Сан-Диего"",  25x19x14,5см, пластик, 3 цвета",265
"VETTA Стакан для ванной комнаты ""Вертикаль"", керамика, 3 цвета",245
"Вакуумный пакет VETTA, 70х100 см, с крючком",237
"VETTA Мыльница, ""Конфетка"", керамика, 6 диз/цв",223
"Карандаш мебельный, 6 гр., 5 цветов",209
"Лампа светодиодная FORZA A60, 14W, E27, 1250lm, 6500К",195
"Веревка бельевая, х/б, узбекская, 20м x d4мм, арт.46028/5-013",175
"Салфетка для ванной комнаты из микрофибры Vetta, 30х30 см, цвет микс",153
"ЕРМАК Батарейки 4шт, тип AA, ""Alkaline"" щелочная, BL",153
"VETTA Черенок деревянный в ПВХ пленке, разноцветный, 120см, d2,2см, 4 цвета, евро резьба",153
"Термометр комнатный Модерн (-10 +50) картон. блистер, ТБ-189",153
"Мешки для мусора GRIFON БИО, 30 л, 20 шт",139
"Лампа светодиодная PROMO, А60 9W E27 750lm 4200K",139
"Набор для уборки: совок, щетка, пластик, 29х19,5х6 см, 2 цвета, VETTA ""Практик""",111
"VETTA Набор мячей для стирки и сушки белья 2шт, ПВХ, d6,5см",109
"VETTA Вешалка металл с ПВХ покрытием 40см (цвет mix), TCH-103",97
"Набор салфеток для кухни 6 шт, вискоза, 30х38 см",55
"Набор губок в вакуумной упаковке, 3 шт, ""Кухоньчик Стандарт""",49
"Мешки для мусора 30 л., 20 шт., стандарт, рулон, герои",41
"Перчатки резиновые желтые, S, VETTA",35
"Перчатки резиновые желтые, XL, VETTA",35
"VETTA Насадка для швабры из микрофиб., подкл. полиэст., 10х40см, ""Лапша"", 4 цвета, вес 95 г.",99135
"BY Набор ковриков 2шт для ванной и туалета, ""Эквилибр"", флис, 80x50см + 50x40см, 3 дизайна",1246
"Набор для ванной, 3 предмета, керамика, 2 цвета, VETTA ""Богема""",1190
"VETTA Шторка для ванной, оксфорд, 155x180см, ""Ботанический сад""",769
"FORZA Лампа настольная, Е27, 28см, 40Вт, 220В, с выключателем, шнур 67см, 5 цветов",769
"VETTA Шторка для ванной с декоративными кольцами, ПЕВА, 180x180см, 3 дизайна",657
"VETTA Ёрш для туалета навесной, металл+ пластик, хром+белый, вакуумное крепление",629
"Коврик для ванны противоскользящий, ПВХ, 70x34см, VETTA ""Камни синий""",629
"VETTA Подставка для крышек/досок, 12х19х14см, металл, 2 цвета",629
"Коврик для ванны противоскользящий ПВХ, 37х68см, VETTA ""Морские Пейзажи""",559
"VETTA Английский стиль Чехол-кофр для одежды семейный, 60х30х120см, спанбонд, ПЕВА, 2 дизайна",559
"VETTA Стакан для ванной комнаты, ""Мрамор"", керамика, 2 цвета",447
"BY Губка запасная для складной швабры ПВА, плоская, 28см, влажная",349
"Корзина для белья складная, полиэстер, 36х36х58см, 5 цветов",349
"Сушилка для столовых приборов навесная, металл, 16x8х20 см, 844",335
"VETTA Романтика Полочка для ванной комнаты, на присосках, пластик, 25,5х18,5х3см, 3 цвета",279
"Вакуумный пакет VETTA с клапаном, 70х100 см, работает от пылесоса",279
"Коврик в ванну VETTA противоскользящий, ПВХ, 67x36см, ""Симпл"", 2 цвета",265
"VETTA Набор прищепок 4шт, Кошки, пластик, 2 цвета",195
"Насадка для швабры МОП эконом, 110 г, длина 40, кол-во 18, арт.6-072",167
"VETTA Сумка-шоппер хозяйственная, хлопок черный, 33x44см, 3 дизайна",159
"Сушилка для белья подвесная с прищепками Vetta, цвет микс",153
"VETTA Пробка-фильтр для раковины, 10x11см, ТПР",153
"VETTA Сетка для глажки белья, полиэстер, 40х60см",139
"VETTA Сумка хозяйственная ""Эмка"", нетканый материал, 30х35х10см, 10л, до 4кг, 4 дизайна",139
"Короб складной ""Узор"" 12х18х9см, полиэстер, HAPPI DOME, ADB-0520-03-DNS",139
"Короб складной ""Горох"" 12х18х9см, полиэстер, HAPPI DOME, ADB-0520-03-BNJ",139
"Набор салфеток универсальных 10 шт., 25х25см, микрофибра",125
"VETTA Термометр деревянный Классик малый, блистер, 20х4см",97
"VETTA Окномойка ""Практик"", пластик, резина, 12,5х15,7х6,7см, 2 цвета",83
"VETTA Вантуз, пластик, резина, d=10см (поставляется в 2х частях)",79
"EGOIST Полустельки под стопу, гелевые 2шт QBD-058",69
"Набор салфеток для кухни из вискозы Vetta, 3 шт, цвет микс",55
"Ерш туалетный без подставки Vetta ""Практик"", цвет микс",55
"VETTA Подставка для обуви с регулировкой высоты, 24,5х10х6/17 см, пластик, 3 цвета",49
"VETTA Вешалка металлическая , ПВХ покрытие, 40 см",35
"Доска гладильная ГЛ5, 124х35,5см, с полкой для утюга и белья",2506
"VETTA Коврик универсальный жаккардовый с кистями, микрофибра, 50x100см, 2 дизайна",1750
"Удлинитель 5 гнезд FORZA 1,5 кв.мм 3 м с заземлением, выключателем, евро, 16A, 3500Вт",909
"Корзинка вязаная, пластик, 38х28х23 см, 4 цвета, VETTA",699
"Карниз для ванной, нерж.сталь, 2,6м",601
"Держатель для зубных щеток и пасты, хром, вакуумное крепление, 154х60х176 мм, VETTA",531
"VETTA Замок велосипедный, цепь, 5cм -1000мм",503
"VETTA Набор для уборки: щётка + совок, пластик, молочный бамбук",461
"Держатель для туалетной бумаги с крышкой SonWelle Классик, хром",461
"VETTA Сушилка для посуды на раковину, складная, 47х22см, нерж. сталь, TPE",419
"Звонок беспроводной FORZA 32 мелодии, 3.0VDC(2x1.5VAA), ZV001",419
"Тележка для мелочей VETTA, ""Супермаркет"", металл, 14х13,5х9 см",419
"Салфетка для сушки посуды из микрофибры, 38x50 см, 210г/кв.м, 4 цвета, VETTA ""Вензеля""",349
"Вакуумный пакет VETTA с клапаном, 60х80 см, работает от пылесоса",279
"VETTA Щётка утюг для уборки, пластик, молочный бамбук",259
"VETTA Пакеты с замком-слайдером, 10шт, 20х30см, 50мкм, 3 литра, полиэтилен",237
"VETTA Пленка на стекло самоклеящаяся ""Классика"", в рулоне, 2 дизайна 2D, 45х200см, ПП",237
"SILVER Спрей водоотталкивающий универсальный для всех типов изделий, 250 мл., ST3501-00/2501-00",219
"Салфетка для мебели из микрофибры супервпитывающая, 30х30 см, 330 г/кв.м., 4 цвета, VETTA",209
"Зажигалка кремниевая кухонная , эргономичная ручка, 23 см, блистер, WH-231",167
"Вешалка надверная, 2 крючка, металл, 12х15х5см, 3 цвета",167
"VETTA Шпагат х/б 100г, 50м x 2,5мм",153
"Блокираторы для дверей и выдвижных ящиков 2шт, гибкий, 17см",153
"Салфетки универсальные для уборки 150 шт.в рулоне, 20x17 см., спанлейс",143
"Веревка Vetta, 12 м, цвет микс",139
"Салфетки влажные СМАРТ Эконом 80шт, универсальные антибактериальные, для уборки 6 в 1, арт.30909",125
"VETTA Мешок для стирки белья, цилиндр, на замке, мелкая сетка d20x25см",125
"VETTA Замок велосипедный противоугонный тросовый, металл, ПВХ, пластик, 7x600мм",111
"Насадка для швабры из микрофибры, 10х40см, ""Полосатая"" эконом,арт.ТН-804",97
"Батарейки FORZA 10шт LR41 (G3) щелочная, BL",97
"Набор губок для мытья посуды Лёгкая уборка, 5 шт, 9,5 x6,5x3,6 см",83
"Блок для хранения мелочей ""Корзина с ручками"", цвет микс",83
"VETTA Коврик для сушки посуды, 30х40см, 320г/м2, ПВХ",69
"Щетка-утюжок хозяйственная Vetta, цвет микс",49
"BY Сумка-шоппер 40х45х16см (шелкография), спанбонд черный",49
"Заглушки для электрических розеток с держателем, 4шт, пластик, d3,2х2,2см",48
"Доска гладильная НЕВА 6, 124х35,5см, с полкой для утюга и белья с удлинителем",3066
"VETTA Коврик придверный ""Ждем в гости"", 75х45см, 3 дизайна",909
"VETTA Шторка для ванной, оксфорд, метал. люверсы, 155x180см, ""Голубая бездна""",797
"VETTA Коврик в прихожую с резиновой каймой, полиэстер, резина, 50х80см, 4 цвета, CR001",741
"VETTA Чехол для гладильной доски на резинке, хлопок, подкладка хлопок, 130х50см, 3 дизайна",657
"VETTA ЛЁН Комплект коробов с 3 объемными карманами, 2 шт, текстиль, 25х15х12см,серый",601
"VETTA Замок велосипедный противоугонный кодовый 12x800мм, 427",559
"Набор для домашнего ремонта ""Добрый реставратор"" (воск 2цв*3г + маркер 3мл + штрих 20мл) Мастер Сити",517
"VETTA Насадка для швабры МОП 200гр, микрофибра, длина 25см/29см",475
"VETTA Шторка для ванной «Перышко», ПЕВА, 180х180см, 4 диз.",419
BY Насадка для швабры из микрофибры 44х15см,391
"Щетка с насадкой из микрофибры со сгибающимся корпусом, 58 см, 4 цвета, VETTA",307
"VETTA Винсент Чехол для одежды, ПЕВА, 60х130см, 2 дизайна",279
"VETTA Дозатор для моющего средства с губкой, пластик, 14x10,5x9см, 3 цвета",279
"Набор восковых мелков 3шт, 12х1х1см, 4 цвета",279
"VETTA Сумка-шоппер хозяйственная, хлопок светлый, 33x44см, 3 дизайна",279
"Ёрш для туалета ""Плетение"" с подставкой, полипропилен, 14х14х40см, 3 цвета",265
"EGOIST Дезодорант для обуви антибактериальный, 100мл, алоэ",251
"VETTA Крючки самоклеящиеся, двойные, 2шт, 7х7х4,5см, ПВХ, металл",209
"SILVER Гель-очиститель универсальный для всех видов спортивной обуви, 50 мл, TG 2001-00",209
"VETTA Фиксатор дверей напольный, 2 шт, 13 см, ТПР, 2 цвета",195
"FORZA Ночник в роз.с выкл, 4LED-многоцвет, пластик, 5,5х8,5х6см, 220-240В, 0,5Вт,""Месяц со звездой""",181
"Смазка многофункциональная -15С +240С, 90 мл., RUNIS",167
"VETTA Коврик для сушки посуды, ПВХ, 30х40см, 780г/м2, 3 цвета",167
"VETTA Мешок для стирки белья, на замке, полиэстер, 50х60см",153
"Щетка для чистки оконных проемов, поворот на 360 градусов, пластик, 21х7 см",139
"VETTA Держатель для бумажных полотенец, металл, 13х27,5см, #276",139
"Лампа светодиодная FORZA A60, 9W, E27, 806lm, 4000К",139
"Мешки для мусора с ручками 60 л., 20 шт., стандарт, герои",83
"VETTA Насадка для швабры из микрофибры, 10х40см, ""Ромбы"", 4 цвета",79
"EGOIST Пяткоудерживатели, гелевые 2шт. HGT014",69
"Щетка тройная для замши и нубука, основной уход, пластик, ПВХ, металл",69
"VETTA Пакеты для продуктов, 100шт, 22x33см, в рулонах",55
"Первая цена Батарейки 4шт, тип АAA, ""Alkaline"" щелочная, BL",49
"Форма для запекания, алюминиевая фольга, 21,7x11,3x5,3см, дно 18,1x7,7cм, 865мл, L-край, 99-01",35
"Совок для мусора VETTA ""Практик"", пластик, 29х19,5х5см",25
"Мешки для мусора 160 л., 10 шт., прочные ПВД, рулон, герои",6579
"VETTA Тележка+сумка со стулом, сумка до 30кг, 31л, стул до 120кг, 44x94x26см, брезент, колеса d16см",2786
"Набор губок для мытья посуды 5шт, 9,6х6,5х3 см, VETTA ""Премиум""",2545
"VETTA Коврик придверный, иглопробивной, 80х110см, 500г/м2, 3 цвета",1666
"VETTA Набор ковриков для ванной и туалета, искусственный мех, полиэстер, 50x80см+50x50см, 2 цвета",1526
"VETTA Набор ковриков для ванной и туалета, микрофибра, 45x70см + 45x45см, ""Восточная сказка"",4 цвета",1386
"VETTA Коврик для ванной, микрофибра, 50x80см, «Блик на воде», 2 цвета",1119
"VETTA Английский стиль Короб большой с двойной крышкой, 40х58х18см, спанбонд, 2 дизайна",979
"VETTA Держатель универсальный для столовых приборов, 23x13x13см, ПП, белый",797
"VETTA Шторка для ванной, оксфорд, метал. люверсы, 155x180см, ""Узоры на бежевом""",769
VETTA Вешалка универсальная многоярусная 45см антискольз. металл,699
"House Lux Салфетки-полотенца GIGA ROLL универсальные с теснением 220 шт. в рулоне,  25x20, спанлейс",629
"VETTA Стакан для ванной комнаты ""Ла Рош"", керамика, металл, 2 дизайна",559
"Звонок беспроводной FORZA 32 мелодии, 12V/23A, 2xAAA, с водонепроницаемой кнопкой",559
"VETTA Коврик придверный, иглопробивной, в полоску, 40х60см, 550г/м2, 3 цвета",559
"FORZA Блок питания для ленты светодиодной, 220-240В, 1.2А, пластик",559
"VETTA Карниз для ванной 2,6м, 2 цвета, алюм.",489
"Вешалка настенная ""Уют 5"" 5 крючков, металл, медный антик, ВНУ51",475
"Набор воска мебельного Мастер Сити ""Добрый реставратор"", 7 цветов",349
"VETTA Держатель угловой для банных принадлежностей на присосках, ПС, 18x25,5x3,5см, 3 цвета",237
"VETTA Планка с крючками, выдвижная, 26,5х3х4см, HIPS пластик",209
"Сумка-шоппер хозяйственная, хлопок, 35x42см, 4 дизайна",199
"VETTA Сумка хозяйственная ""Мобильник"", складная, 38х58см, до 8кг, полиэстер, 4 дизайна",195
"Держатель для губки, пластик, 9х7,5 см, VETTA ""Тренто""",167
"Батарейки щелочные, 4 шт, щелочная, тип AA (LR6), BL, FORZA ""Alkaline""",167
"BY Термометр оконный, 20x12см, для крепления на стекло, пакет",167
"VETTA Корзинка универсальная ""Цветы"", 13,5х17,5см, пластик, 2 цвета",153
"Набор салфеток для стекол и зеркал из микрофибры Vetta, 25х35 см, 2 шт, цвет микс",153
"VETTA Сумка хозяйственная ""Ягода"", складная, 38х58см, до 8кг, полиэстер, 4 цвета",153
"BY Скребок для окна, полипропилен",139
"Набор зажимов для пакетов 6 шт, пластик, 10 см",125
"Стакан для ванной комнаты Vetta, цвет микс",105
"EGOIST Стельки для профилактики плоскостопия, 2шт, ТЭП P27-06",88
"Стопор дверной, магнитный пластик, металл, 2,5х5см, коричневый",55
"Ерш бутылочный, металл, пластик, 7x2x2 см, длина 21 см, VETTA ""Конус""",43
"Перчатки резиновые желтые, L, VETTA",39
"Лампа настольная складная FORZA, 1xCOB, 1500Lux, 6000K, питание 4xАAA, USB кабель 1м, белый",839
"Звонок дверной FORZA 32 мелодии, 220В, пластик, металл",839
"VETTA Корзинка для столовых приборов, ""Кухня"", 25х34х4,4см, металл, 2 цвета",797
"VETTA Коврик в прихожую ""Цветочный сад"", полиэстер, 48x78см, 4 дизайна",741
"VETTA Чехол для гладильной доски на резинке, хлопок, подкладка хлопок , 140х50см, 3 дизайна",657
"VETTA Подставка для кухонных принадлежностей, пластик, 15х17х20,3см, 3 цвета",629
"Диспенсер для моющего средства с губкой, керамика, 18х10 см, 320 мл, 4 дизайна, VETTA",517
"Диспенсер для моющего средства с губкой, керамика, 16х13х6 см, 250 мл, 4 дизайна, VETTA",489
"VETTA Коврик в прихожую, полиэстер, 40x60см, вышивка",461
"VETTA Сушилка на раковину универсальная раздвижная, ПП, размеры мин 34,5x20x6,5 см, макс 48x20x6,5см",419
"EGOIST Сушилка для обуви, пластик, 220-240В, 50Гц, 10Вт, температура нагрева 65-80 градусов",377
"BY Губка запасная для швабры ПВА, 28см, влажная",349
"VETTA Замок велосипедный противоугонный тросовый 12x800мм, металл, пластик, 3 цвета, 187",279
"VETTA Наклейки интерьерные, ""Узоры"", 60х90см, ПВХ, 3 дизайна",251
"VETTA Винсент Чехол для одежды, ПЕВА, 60х80см, 2 дизайна",209
"VETTA Крючок-держатель самоклеящийся, 3шт, металл, 3 дизайна",195
"VETTA Мыльница ""Вертикаль"", керамика, 3 цвета",195
"Набор перчаток, ПВХ, M, 10 шт, VETTA",195
"Набор крючков S-образных VETTA  4 шт,  CWJ211",181
"VETTA Накладки - протекторы на углы, 4шт, 6х3см, каучук, 3 цвета",181
"VETTA Бокс для таблеток, 6 секций, 9,7х2х6см, пластик, 4 цвета",167
"Салфетка для сушки посуды из микрофибры 38x50 см, 87 гр, 4 цвета, VETTA ""Клетка""",139
"VETTA Набор губок для мытья посуды, d11см, поролон",139
"Лампа светодиодная FORZA MR16, GU5.3, 8W, 580lm, 4000К",139
"Лампа светодиодная FORZA MR16, 5W, 375lm, 4000K",125
"VETTA Вешалка металл для юбок и брюк 30см (цвет mix), TCH-902",116
"Шапочка для душа Vetta, цвет микс",111
"Лампа светодиодная FORZA G45, 7W, E27, 560lm, 3000К",111
"INBLOOM Термометр оконный ""Божья коровка"" 17x17см, для крепления на стекло, пластик, пакет",89
Коврик в раковину противоскользящий,83
"VETTA Набор прищепок 20шт, пластик",69
Ролик для чистки одежды 20 листов эконом,69
"Батарейки солевые, 4 шт, тип AA (R6), плёнка, FORZA ""Super heavy duty""",55
"VETTA Мешки для мусора Vetta ""Bio"" 60 л,10  шт",49
Лампа накаливания Б230/Т230-95Вт Е27,31
Пленка пищевая в рулоне 30см x 10м,29
"BY РЫЖИЙ Набор ковриков для ванной и туалета, микрофибра, 45x70см + 45x45см",1526
"БАРЬЕР Рыжий Фильтр-кувшин, 4,0л",1246
"Удлинитель 5 гнезд FORZA 1,5 кв.мм 5 м с заземлением, выключателем, евро, 16A, 3500Вт",1119
"VETTA Набор щётка с ручкой + совок полипропилен, 2 дизайна.",1021
"Сушилка для кружек, металл, d 16 см h.33 см, АЕ-301",699
"VETTA Коврик придверный, паутинка, 38x58см, ПВХ, 4 цвета",629
"VETTA Коврик для туалета, 50х50см, микрофибра, 2 цвета",461
"VETTA ВЕРОНА Чехол для гладиль. доски на резинке, полиэстер, подкладка поролон, 140х50см, 2 дизайна",461
"VETTA Карниз для ванной 2,0м, 2 цвета, алюм.",447
"Ёрш для туалета с двойной щеткой, пластик, 37,5см",447
"VETTA Коврик универсальный ""Швеция"", 60х40см, 2 цвета",419
"INBLOOM Термометр оконный с креплением 9,5х23см, блистер",419
"TOKER Разветвитель 3 гнезда, евро, с заземлением, 16А, 250В, белый",377
"Корзина-подставка, пластик, 29,5х15х12 см, 4 цвета",349
"SILVER Пена растяжитель для обуви, 150 мл",349
"EGOIST Краска для замши, нубука, велюра 180мл, коричневый",307
"VETTA Вешалка деревянная 45x5,5см, светлое дерево, WCH-283",307
"Лампа филаментная FORZA A60, 7W, E27, 560 lm, 4000K",237
"Шампуры деревянные 100 шт, 30 см, GRIFON",209
"Сметка для удаления пыли телескопическая, пластик, полиэстер, 110х8 см, VETTA",153
"VETTA Крючок на дверь, 6 крючков, пластик, 32х3,5х10см",153
"САЯНСКАЯ Фольга алюминиевая 29см х 10м, особо прочная, 14мкм, в пленке",119
"VETTA Мешок для стирки белья, цилиндр, на замке, пластик, полиэстер, d15х16h см",119
"Лампа светодиодная свеча FORZA С37, 5W, E14, 400lm, 4000К",111
"Крючки самоклеящиеся на кухню Веселый Роджер, 6 шт, цвет микс",111
"Мыльница с крышкой пластик, 11,5х8х3,8см, 4 цвета",111
"Батарейки FORZA 10шт LR54 (G10) щелочная, BL",97
"Губка целлюлозная с жестким абразивом Hard, 1 шт, GRIFON",97
"BY РЫЖИЙ Зубочистки 180шт, бамбук, акриловая упаковка",77
"Щётка для мытья посуды, пластик, 23см, 2 цвета, VETTA",69
"Набор салфеток для кухни 3 шт, целлюлоза, 15х18 см, VETTA ""Spontex""",69
"BY РЫЖИЙ Шпажки-шампуры 90шт, бамбук, 20см, d3мм",69
"Батарейки FORZA  4шт ""Super heavy duty"" солевая, тип AAA (R03), плёнка",55
"Свеча хозяйственная 15,5см, d2см, 39гр.",25
Шнур хозяйственный плотный №3 - 10м. арт. 5-082,19
"Зубочистки бамбуковые Vetta, 60 шт",15
"Звонок дверной FORZA 32 мелодии, 3.0VDC (3xAAA), пластик, металл",839
"BY Насадка CHENILLE для швабры из микрофибры, 44х15см",797
"VETTA Чехол для гладильной доски «Город» на шнурке, 130*50см,  хлопок, подкладка, хлопок.",797
"VETTA Дозатор для жидкого мыла ""Роскошь"", акрил, стразы",559
"Карниз для ванной 2,6м, белый, VETTA",503
"VETTA Чехол для гладильной доски, антипригарный со шнурком 130х50см, полиэстер, подкладка поролон",447
"Сушилка для столовых приборов, металл, 16x16x7см, A 23",447
"Вешалка настенная ""Лоза 5"" 5 крючков, металл, черный, ВНЛ51",419
"VETTA Дозатор для жидкого мыла, ""Любовь с первого взгляда"", керамика, 2 цвета",419
"VETTA Держатель для стаканов и зубных щёток, металл, хром+белый, вакуумное крепление",360
"VETTA Пленка на стекло статическая в рулоне ""Орнамент"", 2 дизайна 2D, 45х200см, ПВХ",349
"Корзинка декоративная, пластик, полиэстер, d15x9см, 5 цветов",329
"Безмен бытовой механический, нагрузка до 20кг, пластик, 4 цвета, X-220",279
"VETTA Насадка для швабры арт.444-259, 30х40см., микрофибра, 4 цвета",237
"VETTA Крючки самоклеящиеся, прозрачные, 3шт, 27х55мм, PS, металл",231
"VETTA Фиксатор для коврика, липучка, PU, 4шт, 10х15см, 1,15мм",223
"VETTA Подставка под утюг, силикон, 27х15см",217
"Щетка для пола, пластик, 24х6,5х7 см, короткий ворс, 2 цвета, VETTA ""Бриз""",181
"Ерш для банок двойной, 38,5х4,5 см",181
"САЯНСКАЯ Фольга Гриль 29см х 7м, 20мкм, в пленке",161
"Коврик в раковину противоскользящий ""Кругляш"", 27x27см, 28х28 см, 4 цвета",153
"Ночник в розетку FORZA ""Капля"" с выключателем, 3LED-одноцветный",153
"ЕРМАК Батарейки 4шт, тип AAA,  ""Alkaline"" щелочная, BL",153
"Фольга алюминиевая 29см x 15м, 7 мкм, в пленке",139
"VETTA Наклейка на кафель, в мозаику, ПВХ, 60х90см, 0,13мм, 5 цветов",139
"Сито-фильтр для раковины Vetta, 13 см",139
"Набор вешалок плоских р.48-50, 3шт, цветные/белые, пластик, арт. Р2914НС3",139
"Мешки для мусора 120 л., 10 шт., прочные, рулон, герои",139
"VETTA Наклейка на кафель, прозрачная, ПВХ, 60х90см, 0,06мм",119
"Батарейки FORZA 10шт LR626 (G4) щелочная, BL",97
"Губка-мыльница для кухни Vetta, цвет микс",91
"Масло бытовое универсальное 20мл, RUNIS",83
"Тряпка для пола, хлопок, 50х75 см, 2,5 мм, VETTA",83
"Термометр оконный Липучка (-50 +50) Т5, блистер",83
"Пробка для ванны с цепочкой, резина, 29 см, d4 см",63
"Застежки для картин самоклеящиеся, настенные, SR, 1шт 61х27мм; 2шт 38х22мм; 3шт 38х15мм, ПВХ, 1807",53
"VETTA Окномойка двусторонняя (скребок 23см+микрофибра 25х7см), телеск.черенок нерж.сталь 105см",179299
"VETTA Набор ковриков для ванной и туалета, фланель с эффектом памяти, 50x80см + 50x50см, 2 цвета",2086
"ARTEX Полка настенная трёхъярусная с пласт.поддонами на самоклеящ.крючках, арт. 29.19.06",1526
"BY Набор для ванной 3 пр., керамика, ""Кошачий глаз"", 2 цвета",762
"VETTA Шторка для ванной, ПЕВА, 180x180см, ""Барселона"", 4 дизайна",629
"VETTA Коврик придверный, ворсовый с резиновой каймой, 40x60см, яркая полоска, 4 дизайна",559
"Карниз для ванной, алюминий, 2,6м, серебристый, VETTA",489
"VETTA Чехол для гладильной доски на шнурке, 130x47см, хлопок, подкладка иск.войлок",475
"Электрокипятильник, 2000Вт, 220-240В, шнур 50см, погружная часть 20см",419
"Держатель для туалетной бумаги Sonwelle с полочкой для телефона, нержавеющая сталь",419
ARTEX Мыльница настенная с держателем для шампуней Slim арт.27 10 40,391
"Зажигалка пьезо для газовой плиты, АА батарейка (нет в комплекте), блистер, WH-11",391
"VETTA Мыльница ""Золотая лира"", керамика, 2 диз.",377
"VETTA Сушилка для белья подвесная квадратная с прищепками 16 шт., пластик, 3 цвета",307
"VETTA Сито-фильтр для раковины, 3,5х11,7(6,5)см, силикон, нерж. сталь",279
"Лоток для столовых приборов, 4 секции, 33х19,5х4,5 см, пластик, ""Кантри"" арт. 4846",265
"GP Батарейки комплект ACM02-CR12, 12 шт",251
"VETTA Щётка для посуды с длинной ручкой пластик, молочный бамбук",245
"VETTA Романтика Мыльница на присосках, пластик, 12,5х9,5см, 3 цвета",223
"VETTA Пленка на стекло статическая в рулоне ""Романтика"", 2 дизайна 2D, 45х200см, ПВХ",209
"VETTA Стакан для ванной комнаты, самоклеящийся, пластик, 11,5х8х 9,5см, 3 цвета",195
"VETTA Корзинка универсальная с ручками ""Стиль"", 25,5х19х13,5см, пластик, 2 цвета",195
"Электрокипятильник, 500Вт, 220В, шнур 54см, погружная часть 8см",181
"Набор вешалок детских цветных 3шт, пластик, Р4002НС3",139
"VETTA Термометр с магнитом, пластик, 5,7х5,7см, 3 цвета, на блистере",125
"GRIFON Губки для мытья посуды 5шт ""Волна"", 9,5х6,5х3,6см, с индикатором замены, арт.910-039",111
Вилка с заземлением угловая 16А,111
"Набор шапочек для душа, 8 шт, ПВХ, цветные",105
"VETTA Набор вешалок для одежды 2шт, 42см, с покрытием флок",91
"EGOIST Подушечки защитные от излишней нагрузки и мозолей, 2шт, ТЭП W-712",83
"Фольга пищевая 5 м в пленке, 29см х 5м, толщина 9 мкм",83
"Губка кухонная в упаковке 4 шт, 8х12 см, 2 цвета, VETTA",69
"Пакеты для продуктов 100 шт, 24x37 см, в рулоне, VETTA",69
"VETTA Клипсы для полотенец 6 шт, пластик",63
"Ролик для чистки одежды, 60 листов",49
"Набор губок для мытья посуды 2 шт, 8,5х6,5х4,3 см, VETTA ""Профи""",35
"VETTA Тележка + сумка, с колесами для подъёма по лестницам, до 30кг, брезент, сумка 53х31х18,5см",1946
"ARTEX Полка настенная угловая трёхъярусная с пласт.поддоном на самоклеящ.крючках, арт. 29.19.16",1666
"VETTA Коврик придверный ""Животные"", ПВХ, 48x78x0,8см",881
"Стакан, хром, пластик, вакуумное крепление, 179х86х150 мм, VETTA",839
"VETTA Замок велосипедный противоугонный тросовый усиленный, 22х1000мм, металл, ПВХ",839
"Полка настенная, ARTEX Star, арт. 29 16 45",699
"BY Стакан для зубных щеток и пасты ""Зеркало души"", керамика, 2 цвета",657
"VETTA Шторка для ванной, ПЕВА, 180x200см, ""Этнографика"", 3 диз.",629
"VETTA Шторка для ванной, таффета, 155x180см, ""Весна"", 3 дизайна",629
"БАРЬЕР Сменная кассета ""Жесткость"" Б-6",559
"Вантуз вакуумный, пластик, d16см, h37см",503
"VETTA Набор вешалок деревянных 3шт, 45см, светлое дерево",419
"Звонок беспроводной FORZA 36 мелодии, 3.0VDC(2x1.5VAA), ZV007",419
"Электрокипятильник, 1500Вт, 220-240В, шнур 50см, погружная часть 17см",363
"VETTA Насадка для швабры из микрофибры, 41х12см, шенилл",349
"Чехол для одежды VETTA, 60х150 см, спанбонд",349
"Вешалка настенная ""Уют 3"" 3 крючка, металл, черная, ВНУ32",307
"Чехол для одежды VETTA, 60х100 см, ПВХ",237
"VETTA Пленка на стекло статическая в рулоне ""Сияние"", 2 дизайна 3D, 45х200см, ПВХ",224
"VETTA Насадка для швабры с распылителем на липучках, микрофибра 41x13см",195
"VETTA Салфетки универсальные 50 шт.в рулоне, 20x25 см., спанлейс",195
"Пробка для ванной, d4,5см, ""Морской обитатель""",167
"BY Щётка для посуды, полипропилен",167
"VETTA Вешалка настенная ""Плетенка"", металл, 4 крючка, 33х16х5см",159
"VETTA Шпажки-шампуры 90шт, бамбук, 30см, d3мм",139
"VETTA Стакан с разделителем для зубных щеток и пасты, пластик, 7,5х7,5х11,7см, 2 цвета",125
"Набор губок для мытья посуды Americano, 5 шт, 9,5x6,5x3,6см, Perfect House",125
"FORZA Набор трубок термоусадочных 2/1, 3/1,5, 4/2, 6/3, С,К,Ч,Б, 20шт х 8см, полиэтилен",111
"Безмен механический, нагрузка до 10 кг, цвет микс",111
"Салфетка для сухой уборки из микрофибры Vetta, 30х40 см, цвет микс",111
"VETTA Веревка капроновая, 20м x 3мм, 5 цветов",102
"Пакеты для запекания с клипсами 4 шт, 30x40 см, VETTA",77
"Крючки самоклеящиеся в ванную 2 шт, ВЕСЕЛЫЙ РОДЖЕР WF-313",77
"Воск для обуви, банка 45мл, бесцветный, Эффектон, 2587618",63
"VETTA Шапочка для душа, полиэстер, 4 цвета",53
ФУКС Губка силиконовая для блеска,22
"АКВАФОР Фильтр-кувшин 3,9л, Гарри, модель P42А5N, красный",399799
"VETTA Зеркало настенное двухстороннее поворотное на складном кронштейне, 17см",1330
"VETTA Коврик для ванной, шенилл с люрексом, 40х60, микрофибра, 2 цвета",1049
"Удлинитель 4 гнезда FORZA 1,5 кв.мм 3 м, с заземлением, выключателем, евро, 16A,3500Вт",909
"VETTA Дозатор для жидкого мыла ""Ла Рош"", керамика, металл, 2 дизайна",769
"VETTA Коврик придверный, ворсовый с резиновой каймой, 50x80см, 3 дизайна",741
"Комплект чехлов для сиденья и на крышку унитаза, на липучке, искусственный мех, ПВХ, 44х38см, 4 цвет",657
"VETTA Коврик придверный, резиновый с ворсом полиэстер, 45х75см, CR004",629
"VETTA Флоренция Корзина с веревочными ручками, текстиль, 25х20х15см, 3 цвета",601
"VETTA Коврик придверный, иглопробивной, 40х60см, 500г/м2, 3 цвета",447
Удлинитель рулетка ШВВП 2х07 5м колодка 3 гнезда,429
"Корзинка декоративная, полиэстер, 28см, 5 цветов",429
"BY В ГОСТЯХ У СКАЗКИ Чехол для одежды, 60х100см, спанбонд, ПЕВА, 2 дизайна",419
"BY Насадка для швабры из хлопка, вес 240 гр",419
"Батарейки щелочные, 2 шт, щелочная, тип C, BL, FORZA ""Alkaline""",363
"BY РЫЖИЙ Салфетка для сушки посуды из микрофибры, 38x50см, 210г/кв.м, 2 дизайна",321
"VETTA Дозатор для жидкого мыла ""Роттанг"", пластик, 7,5х17 см, 2 цвета",307
"VETTA Замок велосипедный противоугонный тросовый, металл, ПВХ, пластик, 12x1000мм",307
"VETTA Романо Кофр для белья на молнии с прозрачным окном, 35х30х20см, спанбонд, ПЕВА",223
"Вакуумный пакет VETTA с ароматом лаванды, 68х98 см",217
"VETTA Крючки самоклеящиеся, 5шт, 3,5см, нерж. сталь 430, 2 дизайна",203
"VETTA Корзинка универсальная ""Вилла"", 22x16x11см, пластик, 2 цвета",195
"VETTA Вешалка металл (сталь) с ПВХ покрытием 45см (цвет mix), TCH-101",181
"Лампа светодиодная FORZA A60, 12W, E27, 1050lm, 3000К",167
"Вакуумный пакет с клапаном VETTA, 50х70 см, работает от пылесоса",153
"Пакеты для замораживания перфорированные, 3 л, 18 мкм, 25х35 см, в рулоне 30 шт, GRIFON",139
"Термометр комнатный Цветок (0..+50) картон. блистер, П-1",139
"Лампа светодиодная FORZA G45, 7W, E14, 560lm, 4000К",111
"Салфетка для сантехники из микрофибры, 30х40 см, 3 цвета, VETTA",105
"Салфетка из микрофибры махровая Vetta, 30х40 см, цвет микс",105
"Салфетка универсальная из микрофибры Vetta, 30x40 см, цвет микс",97
"Шпагат полипропиленовый цветной, 100 м",97
"Лампа светодиодная FORZA G45, 7W, E27, 560lm, 4000К",79
"Салфетка универсальная из микрофибры, 30х30 см, 220 гр./кв.м, VETTA",69
"Крючки самоклеящиеся в пакете Vetta, 2 шт, цвета микс",63
"VETTA Сменные блоки для роликов 2шт, 20 листов, HQ0031*2 Дизайн GC",49
"VETTA Набор ковриков 2шт универсальных, полипропилен, 60х80см + 40х60см",1021
"VETTA Корзина для фруктов d21x13,3см, CWJ240B",881
"VETTA Полка угловая, металл, хром+белый, вакуумное крепление",741
"Удлинитель 3 гнезда FORZA 1 кв.мм 3 м, с заземлением, евро, 16A, 3500Вт",657
"VETTA Коврик для туалета, 50х50см, синель 1,2см, 3 цвета",657
"VETTA Щётка-смётка для удаления пыли, пластик, шерсть, молочный бамбук",601
"VETTA Сумка хозяйственная складная, 47x43см, до 20кг, полиэстер, 3 дизайна",559
"АКВАФОР Сменная кассета, В5",559
"Удлинитель 2 гнезда FORZA 0,75 кв.мм, 2 м, евророзетка, 6A, 1500Вт",391
"VETTA Сумка хозяйственная, 55х65х25см, 89 литров, до 7кг, полипропилен, 4 дизайна",391
"VETTA Мыльница ""Любовь с первого взгляда"", керамика, 2 цвета",279
"VETTA Сумка-авоська хозяйственная, 45х70см, 100% хлопок, 4 цвета",279
"VETTA Щётка для посуды пластик, молочный бамбук",251
ARTEX Крючок пятерной Slim арт.27 10 26,237
"VETTA Мыльница ""Палермо"", керамика, 3 цвета",209
"VETTA Пакет вакуумный с клапаном, 60х80см, 2 дизайна",209
"Лампа филаментная FORZA свеча, 4W, Е14, 390lm, 2800К",189
"Набор салфеток в рулоне из вискозы 30 шт, 23х30 см, VETTA",167
"Фольга пищевая 10 м в пленке, толщина 14 мкм, ""Прочная""",167
"VETTA Сумка хозяйственная, неламинированный пропилен, 60х37х26см, 55 литров, до 10кг",153
"Коврик в раковину противоскользящий, ПВХ, d. 29см, ""Паутинка""",153
"VETTA Ролик для чистки одежды + 2 сменных блока, 20 листов, HQ0030UN-B Дизайн GC",139
"VETTA Набор прищепок 12шт с силиконовыми держателями, ""Овал"", пластик 4 цвета",139
"Набор формочек для кап-кейков Vetta, 5,5х3х7 см, 48 шт",139
"Масло бытовое 125мл., RUNIS",133
"Набор решеток для раковины 2 шт - d. 6 см, 8 см,  нержавеющая сталь",125
"Щетка-утюжок универсальная, пластик, 20 см",119
"Лампа светодиодная FORZA A60, 6W, E27, 510lm, 3000K",111
"Лампа светодиодная FORZA G45, 7W, E14, 560lm, 3000К",111
"Лампа светодиодная FORZA G45, 5W, E27, 400lm, 4000К",111
"VETTA Фольга алюминиевая 29см х 10м, 9мкм, в пленке",89
"Мешки для мусора с завязками 50 л., 10 шт.,стандарт, желтые, рулон, герои",83
"Щетка хозяйственная универсальная Vetta, цвет микс",69
ФУКС Ложка для обуви металлическая цветная 20см,63
"VETTA Набор салфеток универсальных 5 шт., 25х25см, микрофибра",55
Лампа накаливания Б230/Т230-60Вт Е27,31
"VETTA Коврик универсальный, полиэстер, 120x70см, ""Пушистый"", 2 цвета",1526
"ARTEX Полка настенная двухъярусная с пласт.поддонами на самоклеящ.крючках, арт. 29.19.05",1246
"Крючки на планке, 5 шт, хром, вакуумное крепление, 393х40х133 мм, VETTA",839
"VETTA Коврик универсальный, флокированный ""Бархат"", резина, 75х45см, 3 дизайна",769
"VETTA Коврик для ванной фактурный, микрофибра, 50x80см, 2 цвета",769
"VETTA Шторка для ванной, таффета, метал. люверсы, 155x180см, ""Рио""",699
"VETTA Коврик придверный с ворсовой поверхностью 50х80см, 9009",657
"Батарейки щелочные, 2 шт, щелочная, тип D, BL, FORZA ""Alkaline""",461
"VETTA Насадка для швабры МОП, Премиум 400гр, хлопок, длина 35см",419
"VETTA Сумка хозяйственная ""Клетка"", 55x65x30см, 105 литров, до 12кг, полипропилен, 2 цвета",307
ARTEX Мыльница настенная Rainbow арт.29 13 15,279
"VETTA Корзинка универсальная ""Стокгольм"", 25,5x19,5x13,5см, пластик, 3 цвета",279
"VETTA Лоток для столовых приборов, 4 секций, пластик, 31х22х4см, 3 цвета",251
"VETTA Вешалка металлическая с объемными плечиками, бамбуковая перекладина, 40 см",237
"VETTA Корзинка универсальная ""Чикаго"", 24,5x17x12см, пластик, 4 цвета",237
"VETTA Чехол для сиденья унитаза 42,5х37см, искусственный мех, ПВХ, 2 цвета",223
"VETTA Сито-фильтр для раковины, 2,5х11(6,5)см, силикон, пластик",167
ARTEX Крючок тройной Slim арт.27 10 24,167
"VETTA Набор вешалок детских, 3шт, с покрытием флок, 3 дизайна",161
"Мыльница с поддоном, пластик, 11,5х7,6х2,7см, 3 цвета",153
"Щетка-трансформер хозяйственная, пластик, 12 см, VETTA",153
"VETTA Мыльница, ""Ромбо"", пластик, 13,5х9,5х3,5см, 4 цвета",153
"VETTA Крючок самоклеящийся, d6,5см, ПВХ",139
VETTA Шнур с металлической жилой 20м х 2мм,125
"Мыльница гибкая, ПВХ, 14,5x9,5см, ""Листок""",125
"Стакан для ванной комнаты полосатый, пластик, 2 цвета, VETTA",125
"Крючки самоклеящиеся на блистере Vetta, 2 шт",125
"Мыльница на ножках VETTA,металл, 12,5х9х4см, 2 дизайна",111
"Набор салфеток универсальных из микрофибры 3 шт, 30x30 см, 3 цвета, VETTA",111
"VETTA Вешалка для платков, 19х28см, с покрытием флок",111
"Лампа светодиодная FORZA С37, 7W, E27, 560lm, 4000К",97
"ЕРМАК Батарейки 2шт, тип AAA, ""Alkaline"" щелочная, BL",97
"Зажимы для скатерти, 4шт, полипропилен",69
"Блок для хранения мелочей, пластик, 12,5x13 см, 4 цвета, ""Корзина с ручками""",69
"Набор губок для мытья посуды 7 шт, 9х6х3,5 см, VETTA ""Эконом""",55
"Свеча хозяйственная 17,5см, d2см, 43гр.",41
"VETTA Коврик для ванной двухцветный, микрофибра, 50x80см, 2 цвета",1049
"Удлинитель FORZA 4 гнезда, 1кв.мм, 5м, с заземением, выключателем, евро, 16A, 3500Вт",979
"VETTA Коврик придверный, иглопробивной, 50х80см, 500г/м2, 3 цвета",839
"VETTA Шторка для ванной, винил, 180x180см, 12 колец, 3D, полоски, синий",839
"VETTA Пленка самоклеящаяся, 45см х 8м, ПВХ, ""Мозаика"", 4 дизайна",657
"БАРЬЕР Сменная кассета ""Железо"" Б-7",601
"АКВАФОР Сменная кассета, А5",601
"VETTA Шторка для ванной, ПЕВА, 180x180см, 12 колец, ""Лондария"", 4 дизайна",503
"VETTA Сумка хозяйственная ""Индия"", нетканый материал, 60x45x20см, 54л, до 11кг, полипропилен, 3 диз.",503
"VETTA Мыльница ""Ла Рош"", керамика, металл, 2 дизайна",475
"VETTA Набор вешалок деревянных, 3 шт, 44,5см, 2 цвета",419
"SILVER Дезодорант для спортивной обуви, 100 мл, SD3005-00/2005-00",391
"VETTA Замок велосипедный на дисковой тормоз, металл",349
"Ёрш для туалета с подставкой OSLO, пластик, лён",335
"VETTA Верона Чехол для одежды, 60х130см, спанбонд, ПЕВА",335
"EGOIST Краска для замши, нубука, велюра 180мл, черный",307
"VETTA Набор ажурных мешков для стирки: 30х40см на замке, d16x18h см для бюстгальтеров, полиэстер",307
"EGOIST Краска для замши, нубука, велюра 180мл, бесцветный",307
"VETTA Замок велосипедный противоугонный тросовый, 8х1000мм, металл, ПВХ, пластик",307
"Удлинитель Р16-010 3гн ШВВП 2x0,75 5м",239
"Чехол для одежды VETTA, 60х137 см, ПВХ",237
"Электрокипятильник 1000Вт, 220В, шнур 75см, погружная часть 17см",237
"VETTA Набор вешалок 3шт металл с ПВХ покрытием 40см, (цвет mix), TCH-103*3",237
"Крючки самоклеящиеся для полотенец на блистере 3 шт, ВЕСЕЛЫЙ РОДЖЕР",195
"SILVER Крем для обуви черный в железной банке, 50 мл",167
"VETTA Вешалка деревянная для юбок и брюк, с клипсами, 28см, арт.171",153
"VETTA Набор вешалок для одежды 4шт, 42см, с покрытием флок",139
"VETTA Мешок для стирки белья, цилиндр, на замке, пластик, полиэстер, d15х16h см, 4 дизайна",125
"Бумага для выпечки BY Герои 6м x 30см, в пленке ГМ",97
ARTEX Крючок Hooky арт.29 17 00,97
"ЕРМАК Батарейки 2шт, тип AA, ""Alkaline"" щелочная, BL",97
"VETTA Мешок для стирки белья, на замке, полиэстер, 40х50см",97
"Крем для обуви, банка с губкой 50мл, черный, люкс, Эффектон, 2114111",97
"VETTA Ролик для чистки одежды + 2 сменных блока, 10 листов Дизайн GC",89
"VETTA Набор губок для мытья посуды, коралл, 10 шт, 9,5x6,5x3,6 см",87
"Крючки самоклеящиеся для полотенец 2 шт, пластик/металл, 3 дизайна, ВЕСЕЛЫЙ РОДЖЕР WF-039",77
"Удлинитель 3 гнезда FORZA 1 кв.мм 10 м, с заземлением, 16А, 3500Вт",1246
"Удлинитель 3 гнезда FORZA 1,5 кв.мм 7 м, с заземлением, 16А, 3500Вт",1119
"VETTA Флоренция Корзина с веревочными ручками, текстиль, 40х26хh25см, 3 цвета",979
"VETTA Набор ковриков 2шт для ванной и туалета, хлопок, 60x40см + 40x40см, ""Индия"", 6 цветов",741
"BY Дозатор для жидкого мыла ""Зеркало души"", керамика, 2 цвета",699
"VETTA Шторка для ванной, ПЕВА, 180x180см, 12 колец, ""Океан"", 4 дизайна",657
"VETTA Крючки на планке, 4 шт, металл, хром+белый, вакуумное крепление",601
"VETTA Коврик в ванну противоскользящий, ПВХ, 66x38см, ""Океанский прибой"", 2 дизайна",489
WISEN Зажигалка кухонная газовая WB-6 BEST FLEX (34511),391
"DURACELL Батарейка 2032 2шт, BL",339
"Салфетка для сушки посуды из микрофибры, 38x50 см, 210 гр./кв.м, 4 цвета, 2 дизайна, VETTA ""Узор""",321
"TOKER Разветвитель 2 гнезда, евро, с заземлением, 16А, 250В, белый",307
"VETTA Ведро ""Cuba"" круглое 9л, пластик, светло-голубой",307
"GP Super BY Original Батарейки 4шт, тип ААA, 24AGM-2CR4, BL",279
"Корзинка универсальная, пластик, 25,7х15,8х8 см, 2 цвета, Natural Style",209
"Вакуумный пакет VETTA с ароматом жасмина, 68х98 см",209
"VETTA Пленка на стекло статическая в рулоне ""Декор"", 2 дизайна 2D, 45х200см, ПВХ",209
VETTA Вешалка деревянная 45см с клипсами светлое дерево,195
"VETTA Романтика Набор крючков для полотенец 2 шт на присоске, пластик, 8x9,5см, 3 цвета",189
"VETTA Вешалка металл (сталь) с ПВХ покрытием и клипсами 40см (цвет mix), TCH-203",181
"VETTA Насадка для швабры 444-259, из микрофибры, 40x23см",167
"VETTA Вешалка деревянная 45см, цвет венге",153
"Стяжка для груза 10мм x 1,1м",139
"Мыльница Vetta ""Роттанг"", цвет микс",139
"VETTA Мешок для стирки белья на замке, полиэстер, 50х60см, 4 дизайна",130
"Салфетка вафельная из микрофибры, махровая, 30х30 см, 300г/кв.м, 3 цвета, VETTA",130
"Щетка-утюжок хозяйственная, пластик, 16 см, VETTA",125
"Салфетка перфорированная 10 шт, вискоза, 30x38 см",116
"Батарейки щелочные, 2 шт, тип AAA (LR03), BL, FORZA ""Alkaline""",111
"Набор прищепок 12шт, пластик, ""Дельфин""",111
"VETTA Термометр комнатный, пластик, 19х4см, ""Цветы"", на блистере",111
"VETTA Блокиратор дверей, d10х1см, 3 дизайна, ЭВА",105
ФУКС Ложка для обуви металлическая цветная 30см,97
"GRIFON Мешки для мусора 120 л.,10 шт., стандарт, рулон",89
House Lux Салфетки влажные для обуви 15шт,88
"Щетка с ручкой универсальная, для одежды и обуви, цвета микс",77
"VETTA Сумка хозяйственная джутовая, 32x34x18см, 3 дизайна",559
"Удлинитель 3 гнезда FORZA 0,75 кв.мм, 5 м, евророзетка, 6A, 1500Вт",499
"VETTA Коврик придверный, ворсовый с резиновой каймой, полукруг 40x60см, 3 дизайна",475
"VETTA Коврик придверный Техно 40х60 см, ПВХ, полиэстер, 2 цвета: серый / коричневый",447
"Звонок беспроводной FORZA 32 мелодии, 3.0VDC(2x1.5VAA), ZV008",419
"VETTA Дозатор для жидкого мыла ""Оливия"", керамика, 2 цвета",377
"Удлинитель Р16-010 3гн ШВВП 2x0,75 3м",321
"VETTA Замок велосипедный противоугонный, кодовый, тросовый, 8х650мм, металл, ПВХ",307
"VETTA Лоток для столовых приборов, 5 секций, пластик, 32,8х25х4см, 3 цвета",307
"GP Super Рыжий Батарейки 4шт, тип АА,15AGM-2CR, BL",279
"GP Super Рыжий Батарейки 4шт, тип ААA, 24AGM-2CR4, BL",279
"VETTA Пакеты для продуктов, 500шт, 22x33см, в рулонах",237
"VETTA Крючки самоклеящиеся, 2шт, 4,5x4,5см, нерж.сталь 201, 3 дизайна",209
"VETTA Вешалка металл с ПВХ покрытием 45см (цвет mix), TCH-202",195
"Коврик в раковину противоскользящий, d.32 см, 4 цвета, ПВХ, ""Яблоки""",195
"Термометр для бани и сауны малый, (t 0 + 140 С), ТБС-41",195
"VETTA Накладка-протектор для улучшения скольжения мебели, 8шт*25мм, 4шт*38мм, тефлон, ЭВА",181
"EGOIST Крем-краска для кожи, флакон с губкой, 75 мл, коричневый",181
"GRIFON Губки для мытья посуды 5шт, поролон, Bubbles, 900-104",181
"EGOIST  Крем-краска для кожи, флакон с губкой, 75 мл, черный",181
"Батарейки щелочные, 4 шт, щелочная, тип AAA (LR03), BL, FORZA ""Alkaline""",167
"VETTA Щётка для посуды полипропилен, 2 дизайна.",167
"VETTA Вешалка металлическая, бамбуковая перекладина, 40 см",167
"VETTA Коврик в раковину противоскользящий ""Яркий"", ПВХ, d28см",167
"Набор губок кухонных, 4 шт., металл, пластик, 70 гр, 3 цвета, VETTA",167
"VETTA Протекторы-насадки на ножки стула, 20х22мм, 4шт, ПВХ",153
ФУКС Ложка для обуви металлическая цветная 50см,139
"Набор салфеток универсальных из микрофибры Vetta, 25х35 см, 2 шт, цвет микс",139
"VETTA Романтика Полочка для ванной комнаты на присосках, пластик, 23х10,5х5см, 3 цвета",139
"Щетка универсальная Vetta, тонкая, 25х3,5 см",111
"Перчатки резиновые, прочные, с запахом лаванды, M, VETTA",111
"VETTA Набор прищепок 40 шт, пластик, 1/100 ПБ-020",111
"Бумага для выпечки 30x6 м, в пленке, GRIFON",63
"Набор металлических губок для кухни 3 шт, 15 гр, VETTA",49
Сменный блок для ролика для чистки одежды 8 листов,27
"Ложка для обуви пластик, 15см",17
"VETTA Подушка водостойкая для ванны на присосках, ПВХ, 29х31х5см, белая",979
"VETTA Сумка-шоппер хозяйственная, хлопок, ручки из эко-кожи, 42х38х10см, 3 дизайна",559
"BY Мыльница ""Зеркало души"", керамика, 2 цвета",559
"Удлинитель FORZA 3 гнезда, 2м, с зазем, евро, 16A, макс. мощность 3500Вт",517
"Удлинитель 3 гнезда FORZA 1 кв.мм 2 м, 10A, 2500Вт",391
"VETTA Мыльница, металл, хром+белый, вакуумное крепление",363
"VETTA Органайзер-переноска, пластик, 22,5х23х8,8см, 2 цвета",279
"Набор салфеток универсальных из микрофибры 4 шт, 25x35 см, 230 гр./кв.м., 4 цвета, VETTA ""Полоски""",279
"VETTA Безмен вертикальный, 25кг, металл",259
"Чехол для одежды VETTA, 60х160 см, ПВХ",251
"VETTA Ёрш для посуды пластик, молочный бамбук",237
"Ночник светодиодный 4LED с выключателем, 8,5х5х7,5 см, 220 В, 0,5 Вт, пластик, 3 цвета",209
"VETTA Окномойка со стальной ручкой 25см, зеленая, арт.KFC002",209
"Щетка для обуви натуральный ворс, 13x4x2см, арт.312",181
"Тряпка для пола из вискозы, 50x70 см, VETTA",167
"VETTA Набор прищепок 20шт ""Классик"", пластик",139
"Салфетка для стекол и зеркал из микрофибры, 30х30 см, 250 г/кв.м, 3 цвета, VETTA",133
Термометр оконный Липучка (-50 +50) Т5 картон. коробка,125
"Губка бытовая с чистящим слоем 3 шт,  7х10,5х2,5 см, VETTA ""Фигурная""",125
"SILVER Крем-блеск для обуви, банка с губкой, 50мл, черный, 3005-01/2005-01",125
"VETTA Сумка хозяйственная с вырубленной ручкой, нетканый материал, 32х42х10см, 13л, до 8кг, 3 диз.",125
"Лампа светодиодная FORZA A60, 9W, E27, 806lm, 3000К",111
"Батарейки щелочные, 2 шт, щелочная, тип AA (LR6), BL, FORZA ""Alkaline""",111
"Щетка универсальная, тонкая, с металлической щетиной, пластик, 17,5х4 см",111
"Лампа светодиодная FORZA G45, 5W, E14, 400lm, 4000К",97
"Набор салфеток универсальных 3 шт., 30х34 см., бамбуковое волокно, герои",91
"SILVER Крем-блеск для обуви с винтовым механизмом, 50мл, чёрный, KS3008-01/2008-01",91
"Перчатки резиновые, L, VETTA ""ПРЕМИУМ""",89
"Перчатки резиновые, M, VETTA ""ПРЕМИУМ""",89
"Щетка для обуви 18x3,5x1,5см, с ручкой, 803",88
"Набор губок металлических с мылом 6 шт, 60 гр, 6,5х4,5 см, VETTA",69
"Стяжка для груза 8мм x 1,1м",65
"Мыльница овальная, пластик, 12х8,5см, 3 цвета",43
"Набор губок для мытья посуды ""Профи"" 5 шт, 80х60х38мм (+/- 2мм)",35
"Ерш бутылочный, металл, пластик, 7x2x2 см, длина 21 см, VETTA",27
ФУКС Губка силиконовая для блеска черная,22
"Удлинитель 3 гнезда FORZA 1,5 кв.мм 5 м, с заземлением, евро, 16A, 3500Вт",839
"VETTA Шторка для ванной, винил, 180x180см, 12 колец, 3D, ""Венеция"", 4 дизайна",839
"VETTA Ёрш для туалета ""Тепло дерева"", пластик (СОСТОИТ ИЗ 2 ЧАСТЕЙ), 2 цвета",839
"DURACELL Basic Батарейки 4шт, тип AAA, BL",419
"Удлинитель 2 гнезда FORZA 0,75 кв.мм, 3 м, евророзетка, 6A, 1500Вт",419
"VETTA Щетка кухонная с кокосовым волокном, ручка пластик, 9,5x23,5см",307
"DURACELL Батарейки 2шт, тип AAA, BL",251
"VETTA Защита на ручку дверей, NBR, 13,5х3,5см, 2шт, 2 цвета",237
"VETTA Шторка для ванной, ПВД, 180x180см, ""Парусник"", бело-синий",237
"VETTA Шторка для ванной, ПВД, 180x180см, ""Ракушки"", бежевый",237
"VETTA Шторка для ванной, ПВД, 180x180см, ""Парусник"", бежевый",237
"Лампа светодиодная FORZA A65, 16W, E27, 1280lm, 4000К",209
"BY РЫЖИЙ Фольга алюминиевая 29см х 20м, 9мкм, в пленке",209
"Пакеты полиэтиленовые универсальные в рулоне 100 шт, 25х40 см, 5л, GRIFON",181
"EGOIST Крем-краска для кожи, флакон с губкой, 75 мл, бесцветный",181
"GP Батарейка 2032 2шт, BL",181
"Вантуз, h38см, пластик, резина",167
"Набор салфеток из микрофибры VETTA 2 шт. универсальные махровые, 25х35см, 300г/кв.м, МИКС",167
"Стяжка для груза 10мм x 1,3м",153
"Салфетка универсальная из микрофибры, махровая, 30х40 см, 300 гр./кв.м, 4 цвета, VETTA",139
"Корзинка вязаная круглая с ручками, пластик, 11х13 см, VETTA",139
"Мыльница, ПП, 13x10x2,5см, 3 цвета",130
"Пакеты полиэтиленовые для хранения продуктов 250 шт, 24х28 см (2л), 6 мкм",119
"BY Герои Пакеты для продуктов 100шт, 24x37см, особо прочные, в рулонах",111
"Перчатки резиновые, прочные, с запахом лаванды, XL, VETTA",111
Вилка с заземлением прямая 16А,111
"Перчатки резиновые, прочные, с запахом лаванды, L, VETTA",111
"VETTA Крючки самоклеящиеся в пакете, 2шт, металл, пластик, 4 дизайна",97
"VETTA Держатель-крючок ""Бабочка"" для полотенец на присоске, ПВХ, 8x10,5см",91
"Перчатки резиновые, S, VETTA ""ПРЕМИУМ""",89
"Набор металлических губок для кухни 3 шт, 20 гр, VETTA",88
"SILVER Губка для обуви узкая, бесцветный, PS3001-03/2001-03",74
"Пакеты полиэтиленовые для продуктов 50 шт, 24х37 см, 6 мкм, в рулоне",55
"Набор губок металлических 4шт, спираль, 15г, VETTA",53
Ролик для чистки одежды 8 листов эконом,35
"Зубочистки деревянные 200 шт в пластиковой баночке, GRIFON",19
"Удлинитель 5 гнезд FORZA 1 кв.мм, 5 м, 10А, 2500Вт",769
"Удлинитель 3 гнезда FORZA 1 кв.мм 5 м, 10A, 2500Вт",657
"Звонок беспроводной FORZA 32 мелодии, 3.0VDC(2x1.5VAA), ZV002",559
"DURACELL Basic Батарейки 4шт, тип AA, BL",419
"VETTA Дозатор для жидкого мыла ""Инь-Янь"", пластик, 2 цвета",419
"Сушилка для столовых приборов, металл, d11 см, h19 см, A 23",419
"SILVER Спрей краска-восстановитель д/нубука и замши 3в1 с кауч. щётками 250мл,чёрный, SB3502-01/2502",391
"TOKER Разветвитель 3 гнезда, евро, без заземления, 6А, 250В, белый",307
"DURACELL Батарейки 2шт, тип AA, BL",251
"TOKER Разветвитель 2 гнезда, евро, без заземления, 6А, 250В, белый",237
"VETTA Мыльница ""Оливия"", керамика, 2 цвета",237
"САЯНСКАЯ Фольга Запекание 44см х 7м, 14мкм, в пленке",223
"Крючки самоклеящиеся, 2 шт, дерево, SR, пластик, до 1,5 кг, 5,5х3,2х2,5см, овальные",223
ARTEX Мыльница настенная Slim арт.27 10 30,209
"Щетка для одежды прямоугольной формы с маленькой ручкой, 22x4.7x1.5см, 806",209
"Набор салфеток для кухни из микрофибры, 3 штуки, махровые, 30х35 см, 3 цвета, VETTA",203
"Тряпка для пола из микрофибры, 50х70 см, 80 гр, VETTA ""Клетка""",195
"Салфетка для мебели ультравпитывающая из микрофибры, 40х40 см, 280 гр./кв.м, 4 цвета, VETTA",167
"VETTA Крючки самоклеящиеся полукруглые, прозрачные, 2шт, PS",153
"Стяжка для груза 8мм x 1,6м",153
"VETTA Сумка-шоппер хозяйственная Промо, 40х35см, спанбонд, 3 цвета",139
"VETTA Набор вешалок для одежды 2шт, 42см, без перекладины, с покрытием флок",125
"VETTA Веревка капроновая, 15м x 3мм",111
"Набор губок для мытья посуды Чистота вокруг, 4 шт, 9,5 x6,5x4,5 см",111
"Зубочистки бамбуковые 300 шт, пластиковая упаковка, VETTA",111
"Щетка-утюжок хозяйственная, пластик, 12 см, VETTA",105
VETTA Шнур с капроновой жилой 2мм х 20м,102
"Щетка для обуви искусственный ворс, 14x5x1.5см",97
VETTA Шнур с металлической жилой 15м х 2мм,97
"SILVER Губка-блеск для обуви с дозатором, силикон/антистатик, 6мл, черный, PS3007-01/2007-01",82
"Щетка для обуви искусственный ворс, 16x4.5x1.5см, 408",77
"SILVER Губка для обуви узкая, чёрный, PS3001-01/2001-01",74
"Губка для посуды Vetta, цвет микс",69
"BY РЫЖИЙ Пакеты для завтраков 100 шт, 17x28см, в рулоне, 8мкм",69
"Воск для обуви, банка 45мл, чёрный, Эффектон, 2316611",63
Лампа накаливания ДС-230-60Вт Е14 Свеча,55
"VETTA Сушилка для столовых приборов, ""Кухня"", 10х10х16,5см, металл, 2 цвета",475
"Energizer Power Батарейки 4шт, тип АA, ""Alkaline"" щелочная, BL",419
ARTEX Крючок тройной Hooky арт.29 17 03,419
"Набор салфеток из микрофибры 6 шт, 30х35 см, 24 гр, 3 цвета, VETTA",349
"GP Super BY Original Батарейки 4шт, тип АА,15AGM-2CR, BL",279
"VETTA Стакан для ванной комнаты ""Инь-Янь"", пластик, 2 цвета",279
"VETTA Крючок, прорезиненное покрытие, полимер, 3 цвета",279
"Набор щеток хозяйственных, 3 штуки, пластик",237
"VETTA Мыльница ""Крем-брюле"", керамика, 2 цвета",237
"VETTA Шторка для ванной, ПВД, 180x180см, ""Подводный мир""",237
"VETTA Стакан для зубных щеток и пасты ""Тепло дерева"", пластик, 2 цвета",223
"VETTA Мыльница ""Франко"", керамика, 3 дизайна",209
"GRIFON Мешки для мусора, 30 л., 15 шт. с завязками, прочные ПВД, 4 цвета, рулон",195
"Стяжка для груза 10мм x 1,6м",181
"Мат антискользящий декоративный универсальный, ПВХ, 30х100см, ""Стандарт"", 4 цвета",167
"VETTA Набор прищепок 12 шт, пластик, 2 дизайна",167
"Набор прищепок Рыжий ""Конфетки"", 12 шт, цвет микс",167
"VETTA Шпажки-шампуры 50шт, бамбук, 40см, d4мм",153
VETTA Шнур с разноцветной металлической жилой 20м,153
"VETTA Губка многофункциональная, 12х7см, 4 цвета",139
"Салфетка из микрофибры, 40x50 см, 230 гр./кв.м., 4 цвета, VETTA ""Квадраты""",139
"Набор салфеток в рулоне из вискозы 50 шт, 25x30 см, VETTA",139
"Набор салфеток из микрофибры VETTA для деликатных поверхностей 2шт, 25х35см, 280г/кв.м, МИКС",125
"VETTA Губки для удаления накипи и ржавчины, меламин, 2 шт, 10х7х3см",97
"Набор губок кухонных 4шт, махровых, поролон, 8х12 см, 4 цвета, VETTA",97
"BY Герои Пакеты для замораживания 30шт, 25x40см, 18мкм, перфорированные, в рулоне",97
"РЫЖИЙ Губки для посуды 5шт, 9,5х6,5х3,5см, крупнопористый поролон",88
"Набор губок для мытья посуды, 5 шт, 10,7 x6,5x3,5 см, коралл",83
"Щетка для одежды черно-белый ворс, ПВС, 16x4.5x2см, 715",83
"BY РЫЖИЙ Пленка пищевая ПЭ в пленке, 30см x 20м, 6мкм",83
"SILVER Губка-блеск для обуви с дозатором, силикон/антистатик, 6мл, бесцветный, PS3007-03/2007-03",82
"Набор салфеток многофункциональных, нетканый материал 3шт, 33x38 см, 3 цвета, VETTA",69
"VETTA Набор губок для мытья посуды ПРОФИ эконом, 10шт, 80х60х38мм",69
"Пленка пищевая BY Герои ПЭ в пленке 30см x 20м, особо прочная 8 мкм",69
"FORZA Батарейки 1шт, тип AAA, ""Alkaline"" щелочная, отрывные, цена за 1шт, BL",41
"Губка спираль, нержавеющая сталь, 15 гр, VЕТТА",11
